job title,company name,location,time,Requirments
,,,,
Data Analyst,Hands of Hope Physical Therapy & Wellness -,"Maadi, Cairo, Egypt",Full Time,Full TimeExperienced · 3 - 5 Yrs of Exp · R&D/Science · IT/Software Development · Analyst/Research · Analysis · Analyst · Data · Data Analysis · Data Analyst · Information Technology (IT) · Tableau
ERPNext Specialist/Data Analyst,Confidential -,"Alexandria, Egypt",Full Time,Full TimeExperienced · 3 - 5 Yrs of Exp · R&D/Science · IT/Software Development · Analyst/Research · Analysis · Analyst · Data · Data Analysis · Data Analyst · Information Technology (IT) · Tableau
Data Analyst,Nugttah -,"Cairo, Egypt",Full Time,Full TimeExperienced · 3 - 5 Yrs of Exp · R&D/Science · IT/Software Development · Analyst/Research · Analysis · Analyst · Data · Data Analysis · Data Analyst · Information Technology (IT) · Tableau
Data Analyst (On-Site),Union Coop -,"Dokki, Giza, Egypt",Full Time,Full TimeExperienced · 3 - 5 Yrs of Exp · R&D/Science · IT/Software Development · Analyst/Research · Analysis · Analyst · Data · Data Analysis · Data Analyst · Information Technology (IT) · Tableau
Data Analyst,Natcom -,"Cairo, Egypt",Full Time,Full TimeExperienced · 3 - 5 Yrs of Exp · R&D/Science · IT/Software Development · Analyst/Research · Analysis · Analyst · Data · Data Analysis · Data Analyst · Information Technology (IT) · Tableau
Fleet Data Analyst,Seoudi Supermarket -,"Giza, Egypt",Full Time,Full TimeExperienced · 3 - 5 Yrs of Exp · R&D/Science · IT/Software Development · Analyst/Research · Analysis · Analyst · Data · Data Analysis · Data Analyst · Information Technology (IT) · Tableau
Senior Market Research & Data Analyst,Onecard -,"Nasr City, Cairo, Egypt",Full Time,Full TimeExperienced · 3 - 5 Yrs of Exp · R&D/Science · IT/Software Development · Analyst/Research · Analysis · Analyst · Data · Data Analysis · Data Analyst · Information Technology (IT) · Tableau
Big Data Business Analyst (KSA),Ejada  -,"Riyadh, Saudi Arabia",Full Time,Full TimeExperienced · 3 - 5 Yrs of Exp · R&D/Science · IT/Software Development · Analyst/Research · Analysis · Analyst · Data · Data Analysis · Data Analyst · Information Technology (IT) · Tableau
Data Analyst,ITCan -,"New Cairo, Cairo, Egypt",Full Time,Full TimeExperienced · 3 - 5 Yrs of Exp · R&D/Science · IT/Software Development · Analyst/Research · Analysis · Analyst · Data · Data Analysis · Data Analyst · Information Technology (IT) · Tableau
Senior Business Strategy Analyst,Guardian towing -,"Cairo, Egypt",Full Time,Full TimeExperienced · 3 - 5 Yrs of Exp · R&D/Science · IT/Software Development · Analyst/Research · Analysis · Analyst · Data · Data Analysis · Data Analyst · Information Technology (IT) · Tableau
Hr Planning Specialist (Data Analyst),Andalusia Group -,"Maadi, Cairo, Egypt",Full Time,Full TimeExperienced · 3 - 5 Yrs of Exp · R&D/Science · IT/Software Development · Analyst/Research · Analysis · Analyst · Data · Data Analysis · Data Analyst · Information Technology (IT) · Tableau
Senior MIS Risk Analyst,Al Ahly capital holding - Al Ahly Tamkeen -,"Zamalek, Cairo, Egypt",Full Time,Full TimeExperienced · 3 - 5 Yrs of Exp · R&D/Science · IT/Software Development · Analyst/Research · Analysis · Analyst · Data · Data Analysis · Data Analyst · Information Technology (IT) · Tableau
Tariff Analyst,Tripathon -,"Nasr City, Cairo, Egypt",Full Time,Full TimeExperienced · 3 - 5 Yrs of Exp · R&D/Science · IT/Software Development · Analyst/Research · Analysis · Analyst · Data · Data Analysis · Data Analyst · Information Technology (IT) · Tableau
Data Analyst,JoviTronix  -,"Sheikh Zayed, Giza, Egypt",Full Time,Full TimeExperienced · 3 - 5 Yrs of Exp · R&D/Science · IT/Software Development · Analyst/Research · Analysis · Analyst · Data · Data Analysis · Data Analyst · Information Technology (IT) · Tableau
Power BI Analyst,Dynamicslink -,"Nasr City, Cairo, Egypt",Full Time,Full TimeExperienced · 3 - 5 Yrs of Exp · R&D/Science · IT/Software Development · Analyst/Research · Analysis · Analyst · Data · Data Analysis · Data Analyst · Information Technology (IT) · Tableau
Quality Assurance Analyst,Globaction -,"6th of October, Giza, Egypt",Full Time,Full TimeExperienced · 2 - 10 Yrs of Exp · R&D/Science · Quality · Analyst/Research · quality · Quality Control · Data · Six Sigma · Data Analysis · ISO 9001 · Black Belt
Mis Senior analyst,Majorel Egypt -,"Katameya, Cairo, Egypt",Full Time,Full TimeExperienced · 2 - 10 Yrs of Exp · R&D/Science · Quality · Analyst/Research · quality · Quality Control · Data · Six Sigma · Data Analysis · ISO 9001 · Black Belt
Commercial Data Management Specialist,Hikma Pharmaceuticals -,"6th of October, Giza, Egypt",Full Time,Full TimeExperienced · 2 - 10 Yrs of Exp · R&D/Science · Quality · Analyst/Research · quality · Quality Control · Data · Six Sigma · Data Analysis · ISO 9001 · Black Belt
Data Analyst,Cleopatra Cement -,"Minya, Egypt",Full Time,Full TimeExperienced · 2 - 10 Yrs of Exp · R&D/Science · Quality · Analyst/Research · quality · Quality Control · Data · Six Sigma · Data Analysis · ISO 9001 · Black Belt
Business Analyst,Refilex -,"Dokki, Giza, Egypt",Freelance / Project,Full TimeExperienced · 2 - 10 Yrs of Exp · R&D/Science · Quality · Analyst/Research · quality · Quality Control · Data · Six Sigma · Data Analysis · ISO 9001 · Black Belt
BI Analyst,Confidential -,"6th of October, Giza, Egypt",Full Time,Full TimeExperienced · 2 - 10 Yrs of Exp · R&D/Science · Quality · Analyst/Research · quality · Quality Control · Data · Six Sigma · Data Analysis · ISO 9001 · Black Belt
Senior Financial Analyst,Evergrow for Speciality Fertilizers -,"Smart Village, Giza, Egypt",Full Time,Full TimeExperienced · 2 - 10 Yrs of Exp · R&D/Science · Quality · Analyst/Research · quality · Quality Control · Data · Six Sigma · Data Analysis · ISO 9001 · Black Belt
Senior Financial Analyst,Cairo Three A  Poultry -,"Cairo, Egypt",Full Time,Full TimeExperienced · 2 - 10 Yrs of Exp · R&D/Science · Quality · Analyst/Research · quality · Quality Control · Data · Six Sigma · Data Analysis · ISO 9001 · Black Belt
Business Analyst,SSC Egypt -,"Nasr City, Cairo, Egypt",Full Time,Full TimeExperienced · 2 - 10 Yrs of Exp · R&D/Science · Quality · Analyst/Research · quality · Quality Control · Data · Six Sigma · Data Analysis · ISO 9001 · Black Belt
Financial Analyst,GEMS Education -,"New Cairo, Cairo, Egypt",Full Time,Full TimeExperienced · 2 - 10 Yrs of Exp · R&D/Science · Quality · Analyst/Research · quality · Quality Control · Data · Six Sigma · Data Analysis · ISO 9001 · Black Belt
Senior System analyst,Masary -,"Maadi, Cairo, Egypt",Full Time,Full TimeExperienced · 2 - 10 Yrs of Exp · R&D/Science · Quality · Analyst/Research · quality · Quality Control · Data · Six Sigma · Data Analysis · ISO 9001 · Black Belt
Software Analyst,Zewail City -,"6th of October, Giza, Egypt",Full Time,Full TimeExperienced · 2 - 10 Yrs of Exp · R&D/Science · Quality · Analyst/Research · quality · Quality Control · Data · Six Sigma · Data Analysis · ISO 9001 · Black Belt
Market Research Analyst,Confidential -,"Nasr City, Cairo, Egypt",Full Time,Full TimeExperienced · 2 - 10 Yrs of Exp · R&D/Science · Quality · Analyst/Research · quality · Quality Control · Data · Six Sigma · Data Analysis · ISO 9001 · Black Belt
Business Development Analyst,Cilantro -,"Maadi, Cairo, Egypt",Full Time,Full TimeExperienced · 2 - 10 Yrs of Exp · R&D/Science · Quality · Analyst/Research · quality · Quality Control · Data · Six Sigma · Data Analysis · ISO 9001 · Black Belt
Financial Analyst,Cairoscan -,"Mohandessin, Giza, Egypt",Full Time,Full TimeExperienced · 2 - 10 Yrs of Exp · R&D/Science · Quality · Analyst/Research · quality · Quality Control · Data · Six Sigma · Data Analysis · ISO 9001 · Black Belt
Process Associate/ Developer – Reporting Analyst (MIS),Genpact -,"Cairo, Egypt",Full Time,Full TimeExperienced · 2 - 4 Yrs of Exp · Analyst/Research · analytical · Reporting
Financial Analyst,rowaad -,"Cairo, Egypt",Work From Home,Full TimeExperienced · 2 - 4 Yrs of Exp · Analyst/Research · analytical · Reporting
Senior Financial reporting Analyst,Argaam -,"Mohandessin, Giza, Egypt",Full Time,Full TimeExperienced · 2 - 4 Yrs of Exp · Analyst/Research · analytical · Reporting
Flow Cytometry Analyst - Medical,siParadigm Egypt -,"Sheraton, Cairo, Egypt",Full TimeWork From Home,Full TimeExperienced · 2 - 4 Yrs of Exp · Analyst/Research · analytical · Reporting
Product Owner/Business Analyst,Nahdet Misr Publishing Group -,"Mohandessin, Giza, Egypt",Full Time,Full TimeExperienced · 2 - 4 Yrs of Exp · Analyst/Research · analytical · Reporting
Cash Flow Analyst,Elite Education Group -,"New Cairo, Cairo, Egypt",Full Time,Full TimeExperienced · 2 - 4 Yrs of Exp · Analyst/Research · analytical · Reporting
Financial Analyst,Elite Education Group -,"New Cairo, Cairo, Egypt",Full Time,Full TimeExperienced · 2 - 4 Yrs of Exp · Analyst/Research · analytical · Reporting
Business Analyst,Youxel -,"Cairo, Egypt",Full Time,Full TimeExperienced · 2 - 4 Yrs of Exp · Analyst/Research · analytical · Reporting
Market Research Analyst,Dealtio -,"Nasr City, Cairo, Egypt",Full Time,Full TimeExperienced · 2 - 4 Yrs of Exp · Analyst/Research · analytical · Reporting
Ads Sales Quality and Training Analyst –Senior Process Associate,Genpact -,"Cairo, Egypt",Full Time,Full TimeExperienced · 2 - 4 Yrs of Exp · Analyst/Research · analytical · Reporting
Quality Assurance Analyst,Fawry for Banking Technology and Electronic Payments S.A.E -,"Smart Village, Giza, Egypt",Full Time,Full TimeExperienced · 2 - 4 Yrs of Exp · Analyst/Research · analytical · Reporting
Senior Investment Banking Analyst,Talaat Moustafa Group -,"Dokki, Giza, Egypt",Full Time,Full TimeExperienced · 2 - 4 Yrs of Exp · Analyst/Research · analytical · Reporting
Credit analyst,EL-Mobadara -,"Giza, Egypt",Full Time,Full TimeExperienced · 2 - 4 Yrs of Exp · Analyst/Research · analytical · Reporting
Ads Sales Quality and Training Analyst –Management Trainee,Genpact -,"Cairo, Egypt",Full Time,Full TimeExperienced · 2 - 4 Yrs of Exp · Analyst/Research · analytical · Reporting
Business Analyst ( Multinational Logistics company),Pillars -,"Cairo, Egypt",Full Time,Full TimeExperienced · 2 - 4 Yrs of Exp · Analyst/Research · analytical · Reporting
Data Analyst,Carina Wear -,"New Cairo, Cairo, Egypt",Full Time,Full TimeEntry Level · 1 - 3 Yrs of Exp · Human Resources · Analyst/Research · Data Analysis · Microsoft Power BI · business · Analysis · Fashion Retail · Computer Science · Microsoft Office · Big Data Analytics
Financial Analyst,Confidential -,"Cairo, Egypt",Full Time,Full TimeEntry Level · 1 - 3 Yrs of Exp · Human Resources · Analyst/Research · Data Analysis · Microsoft Power BI · business · Analysis · Fashion Retail · Computer Science · Microsoft Office · Big Data Analytics
Market Research Analyst (Banking Sector),Argaam -,"Mohandessin, Giza, Egypt",Full Time,Full TimeEntry Level · 1 - 3 Yrs of Exp · Human Resources · Analyst/Research · Data Analysis · Microsoft Power BI · business · Analysis · Fashion Retail · Computer Science · Microsoft Office · Big Data Analytics
IT Analyst,Air Arabia -,"Cairo, Egypt",Full Time,Full TimeEntry Level · 1 - 3 Yrs of Exp · Human Resources · Analyst/Research · Data Analysis · Microsoft Power BI · business · Analysis · Fashion Retail · Computer Science · Microsoft Office · Big Data Analytics
Cost Senior Analyst,Kandil Industries -,"10th of Ramadan City, Cairo, Egypt",Full Time,Full TimeEntry Level · 1 - 3 Yrs of Exp · Human Resources · Analyst/Research · Data Analysis · Microsoft Power BI · business · Analysis · Fashion Retail · Computer Science · Microsoft Office · Big Data Analytics
Data Analyst,Othaim -,"Katameya, Cairo, Egypt",Full Time,Full TimeEntry Level · 1 - 3 Yrs of Exp · Human Resources · Analyst/Research · Data Analysis · Microsoft Power BI · business · Analysis · Fashion Retail · Computer Science · Microsoft Office · Big Data Analytics
Sales Operations Analyst,Confidential -,"6th of October, Giza, Egypt",Full Time,Full TimeEntry Level · 1 - 3 Yrs of Exp · Human Resources · Analyst/Research · Data Analysis · Microsoft Power BI · business · Analysis · Fashion Retail · Computer Science · Microsoft Office · Big Data Analytics
Master Data Analytics and Insights Senior Officer,Ghabbour Auto -,"6th of October, Giza, Egypt",Full Time,Full TimeEntry Level · 1 - 3 Yrs of Exp · Human Resources · Analyst/Research · Data Analysis · Microsoft Power BI · business · Analysis · Fashion Retail · Computer Science · Microsoft Office · Big Data Analytics
Supply Chain Analyst,Tie House -,"New Cairo, Cairo, Egypt",Full Time,Full TimeEntry Level · 1 - 3 Yrs of Exp · Human Resources · Analyst/Research · Data Analysis · Microsoft Power BI · business · Analysis · Fashion Retail · Computer Science · Microsoft Office · Big Data Analytics
Senior Business / Data Analyst,Confidential -,"Riyadh, Saudi Arabia",Full Time,Full TimeEntry Level · 1 - 3 Yrs of Exp · Human Resources · Analyst/Research · Data Analysis · Microsoft Power BI · business · Analysis · Fashion Retail · Computer Science · Microsoft Office · Big Data Analytics
Information Security Analyst,Confidential -,"New Cairo, Cairo, Egypt",Full Time,Full TimeEntry Level · 1 - 3 Yrs of Exp · Human Resources · Analyst/Research · Data Analysis · Microsoft Power BI · business · Analysis · Fashion Retail · Computer Science · Microsoft Office · Big Data Analytics
GIS application analyst,Perfect Presentation -,"6th of October, Giza, Egypt",Full Time,Full TimeEntry Level · 1 - 3 Yrs of Exp · Human Resources · Analyst/Research · Data Analysis · Microsoft Power BI · business · Analysis · Fashion Retail · Computer Science · Microsoft Office · Big Data Analytics
Business Analyst,Keys Group Services -,"Nasr City, Cairo, Egypt",Full Time,Full TimeEntry Level · 1 - 3 Yrs of Exp · Human Resources · Analyst/Research · Data Analysis · Microsoft Power BI · business · Analysis · Fashion Retail · Computer Science · Microsoft Office · Big Data Analytics
Data Analyst (Part Time),Veexia -,"Heliopolis, Cairo, Egypt",Part Time,Full TimeEntry Level · 1 - 3 Yrs of Exp · Human Resources · Analyst/Research · Data Analysis · Microsoft Power BI · business · Analysis · Fashion Retail · Computer Science · Microsoft Office · Big Data Analytics
Senior Business Data Analyst,aliaict -,"Nasr City, Cairo, Egypt",Full Time,Full TimeEntry Level · 1 - 3 Yrs of Exp · Human Resources · Analyst/Research · Data Analysis · Microsoft Power BI · business · Analysis · Fashion Retail · Computer Science · Microsoft Office · Big Data Analytics
Senior Data Analyst,New Horizons -,"Maadi, Cairo, Egypt",Full Time,Full TimeExperienced · 3 - 4 Yrs of Exp · IT/Software Development · Analyst/Research · Engineering - Telecom/Technology · Analysis · business · BI · Analyst · Business Administration
Financial Analyst,B.TECH -,"Nasr City, Cairo, Egypt",Full Time,Full TimeExperienced · 3 - 4 Yrs of Exp · IT/Software Development · Analyst/Research · Engineering - Telecom/Technology · Analysis · business · BI · Analyst · Business Administration
Business Analyst,Egabi FSI -,"Sheraton, Cairo, Egypt",Full Time,Full TimeExperienced · 3 - 4 Yrs of Exp · IT/Software Development · Analyst/Research · Engineering - Telecom/Technology · Analysis · business · BI · Analyst · Business Administration
Data Analysis/Analytics Instructor (Excel - Power BI),EpsilonAI -,"Nasr City, Cairo, Egypt",Full TimePart TimeFreelance / Project,Full TimeExperienced · 3 - 4 Yrs of Exp · IT/Software Development · Analyst/Research · Engineering - Telecom/Technology · Analysis · business · BI · Analyst · Business Administration
Data Scientist Manager,Tamweely -,"Shubra, Cairo, Egypt",Full Time,Full TimeExperienced · 3 - 4 Yrs of Exp · IT/Software Development · Analyst/Research · Engineering - Telecom/Technology · Analysis · business · BI · Analyst · Business Administration
Data Analyst - 1-3 years exp.,Partner & More -,"6th of October, Giza, Egypt",Full Time,Full TimeExperienced · 3 - 4 Yrs of Exp · IT/Software Development · Analyst/Research · Engineering - Telecom/Technology · Analysis · business · BI · Analyst · Business Administration
Credit Risk Analyst (Risk Portfolio Analyst),Fawry Microfinance  -,"Maadi, Cairo, Egypt",Full Time,Full TimeExperienced · 3 - 4 Yrs of Exp · IT/Software Development · Analyst/Research · Engineering - Telecom/Technology · Analysis · business · BI · Analyst · Business Administration
Sr. Research Analyst (Secondary Research Experience Is A MUST) -Switzerland Based Multinational,Evalueserve -,"Maadi, Cairo, Egypt",Full Time,Full TimeExperienced · 3 - 4 Yrs of Exp · IT/Software Development · Analyst/Research · Engineering - Telecom/Technology · Analysis · business · BI · Analyst · Business Administration
Market Research Analyst,OK TAMAM -,"6th of October, Giza, Egypt",Full Time,Full TimeExperienced · 3 - 4 Yrs of Exp · IT/Software Development · Analyst/Research · Engineering - Telecom/Technology · Analysis · business · BI · Analyst · Business Administration
Workforce Analyst,Majorel Egypt -,"Katameya, Cairo, Egypt",Full Time,Full TimeExperienced · 3 - 4 Yrs of Exp · IT/Software Development · Analyst/Research · Engineering - Telecom/Technology · Analysis · business · BI · Analyst · Business Administration
Senior Treasury Analyst,TAQA Petroleum -,"Garden City, Cairo, Egypt",Full Time,Full TimeExperienced · 3 - 4 Yrs of Exp · IT/Software Development · Analyst/Research · Engineering - Telecom/Technology · Analysis · business · BI · Analyst · Business Administration
Sr Business Analyst,Ejada  -,"Heliopolis, Cairo, Egypt",Full Time,Full TimeExperienced · 3 - 4 Yrs of Exp · IT/Software Development · Analyst/Research · Engineering - Telecom/Technology · Analysis · business · BI · Analyst · Business Administration
Actuarial Analyst,NEXtCARE -,"New Cairo, Cairo, Egypt",Full Time,Full TimeExperienced · 3 - 4 Yrs of Exp · IT/Software Development · Analyst/Research · Engineering - Telecom/Technology · Analysis · business · BI · Analyst · Business Administration
Business Analyst,Edentech -,"Dokki, Giza, Egypt",Full Time,Full TimeExperienced · 3 - 4 Yrs of Exp · IT/Software Development · Analyst/Research · Engineering - Telecom/Technology · Analysis · business · BI · Analyst · Business Administration
Senior Business Analyst - Finance,Johnson Controls -,"Nasr City, Cairo, Egypt",Full Time,Full TimeExperienced · 3 - 4 Yrs of Exp · IT/Software Development · Analyst/Research · Engineering - Telecom/Technology · Analysis · business · BI · Analyst · Business Administration
Senior Data Management Engineer,BBI-Consultancy -,"Nasr City, Cairo, Egypt",Full Time,Full TimeExperienced · 3 - 6 Yrs of Exp · IT/Software Development · Engineering - Telecom/Technology · Informatica · ODI · SSIS · Data Integration · ETL · Data Management · Information Technology (IT) · Communication skills
Quality Assurance Analyst,Aman Holding -,"Cairo, Egypt",Full Time,Full TimeExperienced · 3 - 6 Yrs of Exp · IT/Software Development · Engineering - Telecom/Technology · Informatica · ODI · SSIS · Data Integration · ETL · Data Management · Information Technology (IT) · Communication skills
System / Business Analyst,Exceed -,"Cairo, Egypt",Full TimeFreelance / ProjectWork From Home,Full TimeExperienced · 3 - 6 Yrs of Exp · IT/Software Development · Engineering - Telecom/Technology · Informatica · ODI · SSIS · Data Integration · ETL · Data Management · Information Technology (IT) · Communication skills
Business Research Analyst German Speaker,Keys Group Services -,"Maadi, Cairo, Egypt",Full Time,Full TimeExperienced · 3 - 6 Yrs of Exp · IT/Software Development · Engineering - Telecom/Technology · Informatica · ODI · SSIS · Data Integration · ETL · Data Management · Information Technology (IT) · Communication skills
BI Analyst,Confidential -,"Riyadh, Saudi Arabia",Full TimeWork From Home,Full TimeExperienced · 3 - 6 Yrs of Exp · IT/Software Development · Engineering - Telecom/Technology · Informatica · ODI · SSIS · Data Integration · ETL · Data Management · Information Technology (IT) · Communication skills
Business Analyst,Confidential -,"Heliopolis, Cairo, Egypt",Full Time,Full TimeExperienced · 3 - 6 Yrs of Exp · IT/Software Development · Engineering - Telecom/Technology · Informatica · ODI · SSIS · Data Integration · ETL · Data Management · Information Technology (IT) · Communication skills
Cost Accountant,MATGR For Engineering And Trading -,"New Cairo, Cairo, Egypt",Full Time,Full TimeExperienced · 3 - 6 Yrs of Exp · IT/Software Development · Engineering - Telecom/Technology · Informatica · ODI · SSIS · Data Integration · ETL · Data Management · Information Technology (IT) · Communication skills
Senior Financial Analyst,TAQA Petroleum -,"Cairo, Egypt",Full Time,Full TimeExperienced · 3 - 6 Yrs of Exp · IT/Software Development · Engineering - Telecom/Technology · Informatica · ODI · SSIS · Data Integration · ETL · Data Management · Information Technology (IT) · Communication skills
Financial Analyst,Bazzarry For Treading -,"Cairo, Egypt",Full TimeWork From Home,Full TimeExperienced · 3 - 6 Yrs of Exp · IT/Software Development · Engineering - Telecom/Technology · Informatica · ODI · SSIS · Data Integration · ETL · Data Management · Information Technology (IT) · Communication skills
Senior Financial Analyst,Confidential -,"6th of October, Giza, Egypt",Full Time,Full TimeExperienced · 3 - 6 Yrs of Exp · IT/Software Development · Engineering - Telecom/Technology · Informatica · ODI · SSIS · Data Integration · ETL · Data Management · Information Technology (IT) · Communication skills
Business Analyst,Target Recruitment  & HR Solutions  -,"New Cairo, Cairo, Egypt",Full Time,Full TimeExperienced · 3 - 6 Yrs of Exp · IT/Software Development · Engineering - Telecom/Technology · Informatica · ODI · SSIS · Data Integration · ETL · Data Management · Information Technology (IT) · Communication skills
ERP Analyst,Xceed -,"Maadi, Cairo, Egypt",Full Time,Full TimeExperienced · 3 - 6 Yrs of Exp · IT/Software Development · Engineering - Telecom/Technology · Informatica · ODI · SSIS · Data Integration · ETL · Data Management · Information Technology (IT) · Communication skills
BI Data Analytics Engineer,Kandil Industries -,"10th of Ramadan City, Cairo, Egypt",Full Time,Full TimeExperienced · 3 - 6 Yrs of Exp · IT/Software Development · Engineering - Telecom/Technology · Informatica · ODI · SSIS · Data Integration · ETL · Data Management · Information Technology (IT) · Communication skills
Deputy Internal Audit Manager,Confidential -,"Gharbia, Egypt",Full Time,Full TimeExperienced · 3 - 6 Yrs of Exp · IT/Software Development · Engineering - Telecom/Technology · Informatica · ODI · SSIS · Data Integration · ETL · Data Management · Information Technology (IT) · Communication skills
Chief Financial Officer (CFO),Bazzarry For Treading -,"Aden, Yemen",Full Time,Full TimeExperienced · 3 - 6 Yrs of Exp · IT/Software Development · Engineering - Telecom/Technology · Informatica · ODI · SSIS · Data Integration · ETL · Data Management · Information Technology (IT) · Communication skills
Financial Analyst,NowPay -,"Giza, Giza, Egypt",Full Time,Full TimeExperienced · 7+ Yrs of Exp · Accounting/Finance · Analyst/Research · Financial Analysis · Financial · Financial Modeling
Financial Planning and Analysis Section Head,Confidential -,"Gharbia, Egypt",Full Time,Full TimeExperienced · 7+ Yrs of Exp · Accounting/Finance · Analyst/Research · Financial Analysis · Financial · Financial Modeling
Workforce Management Specialist,Centro CDX -,"Maadi, Cairo, Egypt",Full Time,Full TimeExperienced · 7+ Yrs of Exp · Accounting/Finance · Analyst/Research · Financial Analysis · Financial · Financial Modeling
Finance Manager- Part-Time- Work Remotely,Dimensions  -,"Cairo, Egypt",Part TimeFreelance / Project,Full TimeExperienced · 7+ Yrs of Exp · Accounting/Finance · Analyst/Research · Financial Analysis · Financial · Financial Modeling
Cost Accounting & Analysis Manager,Confidential -,"Gharbia, Egypt",Full Time,Full TimeExperienced · 7+ Yrs of Exp · Accounting/Finance · Analyst/Research · Financial Analysis · Financial · Financial Modeling
Business Intelligence Team Leader,Confidential -,"Dokki, Giza, Egypt",Full TimeWork From Home,Full TimeExperienced · 7+ Yrs of Exp · Accounting/Finance · Analyst/Research · Financial Analysis · Financial · Financial Modeling
Senior SOC Engineer,Union Coop -,"Dokki, Giza, Egypt",Full Time,Full TimeExperienced · 7+ Yrs of Exp · Accounting/Finance · Analyst/Research · Financial Analysis · Financial · Financial Modeling
Foreign Purchasing Specialist,Misr Elhegaz Group -,"Heliopolis, Cairo, Egypt",Full Time,Full TimeExperienced · 7+ Yrs of Exp · Accounting/Finance · Analyst/Research · Financial Analysis · Financial · Financial Modeling
Internal Auditor,THE MIDDLE EAST GROUP FOR ENGINEERING AND AIR CONDITIONING -,"Nasr City, Cairo, Egypt",Full Time,Full TimeExperienced · 7+ Yrs of Exp · Accounting/Finance · Analyst/Research · Financial Analysis · Financial · Financial Modeling
Marketing Specialist,Confidential -,"Haram, Giza, Egypt",Full TimePart TimeWork From Home,Full TimeExperienced · 7+ Yrs of Exp · Accounting/Finance · Analyst/Research · Financial Analysis · Financial · Financial Modeling
Accountant,Confidential -,"Jeddah, Saudi Arabia",Full Time,Full TimeExperienced · 7+ Yrs of Exp · Accounting/Finance · Analyst/Research · Financial Analysis · Financial · Financial Modeling
Monitoring and evaluation specialist | NGO,Confidential -,"Nasr City, Cairo, Egypt",Full Time,Full TimeExperienced · 7+ Yrs of Exp · Accounting/Finance · Analyst/Research · Financial Analysis · Financial · Financial Modeling
Market Research Specialist,Pyramid Poultry Co. -,"New Cairo, Cairo, Egypt",Full Time,Full TimeExperienced · 7+ Yrs of Exp · Accounting/Finance · Analyst/Research · Financial Analysis · Financial · Financial Modeling
Sales Support Administrator,Aman -,"Maadi, Cairo, Egypt",Full Time,Full TimeExperienced · 7+ Yrs of Exp · Accounting/Finance · Analyst/Research · Financial Analysis · Financial · Financial Modeling
Market Researcher - French language Speaker,Infotech -,"Nasr City, Cairo, Egypt",Full Time,Full TimeExperienced · 7+ Yrs of Exp · Accounting/Finance · Analyst/Research · Financial Analysis · Financial · Financial Modeling
Market Researcher - English language Speaker,Infotech -,"Nasr City, Cairo, Egypt",Full Time,Full TimeExperienced · 2 - 5 Yrs of Exp · Customer Service/Support · Analyst/Research · Communication · Communication skills · Research · English · Computer Skills · Customer Service · Customer Care · Customer Support
Pricing Specialist,Confidential -,"New Nozha, Cairo, Egypt",Full Time,Full TimeExperienced · 2 - 5 Yrs of Exp · Customer Service/Support · Analyst/Research · Communication · Communication skills · Research · English · Computer Skills · Customer Service · Customer Care · Customer Support
Tax Accountant,Confidential -,"Downtown, Cairo, Egypt",Full Time,Full TimeExperienced · 2 - 5 Yrs of Exp · Customer Service/Support · Analyst/Research · Communication · Communication skills · Research · English · Computer Skills · Customer Service · Customer Care · Customer Support
Social Researcher,Confidential -,"Nasr City, Cairo, Egypt",Full Time,Full TimeExperienced · 2 - 5 Yrs of Exp · Customer Service/Support · Analyst/Research · Communication · Communication skills · Research · English · Computer Skills · Customer Service · Customer Care · Customer Support
Planning & Budgeting section head,Egyptian Countryside Development Company  -,"Nasr City, Cairo, Egypt",Full Time,Full TimeExperienced · 2 - 5 Yrs of Exp · Customer Service/Support · Analyst/Research · Communication · Communication skills · Research · English · Computer Skills · Customer Service · Customer Care · Customer Support
Full Stack Developer,BPOHIVE -,"Cairo, Egypt",Full TimeWork From Home,Full TimeExperienced · 2 - 5 Yrs of Exp · Customer Service/Support · Analyst/Research · Communication · Communication skills · Research · English · Computer Skills · Customer Service · Customer Care · Customer Support
Senior Solutions Consultant,IST Networks -,"Smart Village, Giza, Egypt",Full Time,Full TimeExperienced · 2 - 5 Yrs of Exp · Customer Service/Support · Analyst/Research · Communication · Communication skills · Research · English · Computer Skills · Customer Service · Customer Care · Customer Support
ADF Developer,Allianz -,"New Cairo, Cairo, Egypt",Full Time,Full TimeExperienced · 2 - 5 Yrs of Exp · Customer Service/Support · Analyst/Research · Communication · Communication skills · Research · English · Computer Skills · Customer Service · Customer Care · Customer Support
.Net Core/ Angular Full Stack developer,Manzoma -,"Sheraton, Cairo, Egypt",Full Time,Full TimeExperienced · 2 - 5 Yrs of Exp · Customer Service/Support · Analyst/Research · Communication · Communication skills · Research · English · Computer Skills · Customer Service · Customer Care · Customer Support
Full Stack Developer (Junior or mid level) (.net - angular/react),MiracleEgypt -,"Hadayek Alahram, Giza, Egypt",Full Time,Full TimeExperienced · 2 - 5 Yrs of Exp · Customer Service/Support · Analyst/Research · Communication · Communication skills · Research · English · Computer Skills · Customer Service · Customer Care · Customer Support
Full-Stack developer (Laravel),Viteeka Tech and Electronics -,"Haram, Giza, Egypt",Full TimePart TimeWork From Home,Full TimeExperienced · 2 - 5 Yrs of Exp · Customer Service/Support · Analyst/Research · Communication · Communication skills · Research · English · Computer Skills · Customer Service · Customer Care · Customer Support
SME Manager - Loans,e Aswaaq Misr -,"Smart Village, Giza, Egypt",Full Time,Full TimeExperienced · 2 - 5 Yrs of Exp · Customer Service/Support · Analyst/Research · Communication · Communication skills · Research · English · Computer Skills · Customer Service · Customer Care · Customer Support
Full Stack Web Developer,Misr University for Science and Technology -,"6th of October, Giza, Egypt",Full Time,Full TimeExperienced · 2 - 5 Yrs of Exp · Customer Service/Support · Analyst/Research · Communication · Communication skills · Research · English · Computer Skills · Customer Service · Customer Care · Customer Support
International Marketing Researcher,Vision 22 Advertising Agency -,"Maadi, Cairo, Egypt",Full Time,Full TimeExperienced · 2 - 5 Yrs of Exp · Customer Service/Support · Analyst/Research · Communication · Communication skills · Research · English · Computer Skills · Customer Service · Customer Care · Customer Support
Cost Accountant,Mozare3 -,"Sheikh Zayed, Giza, Egypt",Full Time,Full TimeExperienced · 2 - 5 Yrs of Exp · Customer Service/Support · Analyst/Research · Communication · Communication skills · Research · English · Computer Skills · Customer Service · Customer Care · Customer Support
HR Organization Development Team Leader,Andalusia Group -,"Maadi, Cairo, Egypt",Full Time,Full TimeExperienced · 2+ Yrs of Exp · Administration · Human Resources · Medical/Healthcare · Communication skills · Computer Science · Development · HR · Human Resources (HR) · English · Management
Bioinformatician (Proteomics & Drug design),HITS Technologies  -,"Nasr City, Cairo, Egypt",Part TimeFreelance / Project,Full TimeExperienced · 2+ Yrs of Exp · Administration · Human Resources · Medical/Healthcare · Communication skills · Computer Science · Development · HR · Human Resources (HR) · English · Management
Budgeting & Costing Manager,Confidential -,"Heliopolis, Cairo, Egypt",Full Time,Full TimeExperienced · 2+ Yrs of Exp · Administration · Human Resources · Medical/Healthcare · Communication skills · Computer Science · Development · HR · Human Resources (HR) · English · Management
Software Quality Control Team Lead,Confidential -,"Maadi, Cairo, Egypt",Full Time,Full TimeExperienced · 2+ Yrs of Exp · Administration · Human Resources · Medical/Healthcare · Communication skills · Computer Science · Development · HR · Human Resources (HR) · English · Management
Senior Oracle Financial Consultant,Solera -,"Cairo, Egypt",Full Time,Full TimeExperienced · 2+ Yrs of Exp · Administration · Human Resources · Medical/Healthcare · Communication skills · Computer Science · Development · HR · Human Resources (HR) · English · Management
Category Manager TVs,Raya Distribution -,"Maadi, Cairo, Egypt",Full Time,Full TimeExperienced · 2+ Yrs of Exp · Administration · Human Resources · Medical/Healthcare · Communication skills · Computer Science · Development · HR · Human Resources (HR) · English · Management
Profile Specialist,Argaam -,"Mohandessin, Giza, Egypt",Full Time,Full TimeExperienced · 2+ Yrs of Exp · Administration · Human Resources · Medical/Healthcare · Communication skills · Computer Science · Development · HR · Human Resources (HR) · English · Management
Regional Account Relationship Team lead,Fawry for Banking Technology and Electronic Payments S.A.E -,"6th of October, Giza, Egypt",Full Time,Full TimeExperienced · 2+ Yrs of Exp · Administration · Human Resources · Medical/Healthcare · Communication skills · Computer Science · Development · HR · Human Resources (HR) · English · Management
Senior Full Stack Dot Net Developer,Nahr Development -,"Mokattam, Cairo, Egypt",Full Time,Full TimeExperienced · 2+ Yrs of Exp · Administration · Human Resources · Medical/Healthcare · Communication skills · Computer Science · Development · HR · Human Resources (HR) · English · Management
Software Tester | Core Banking,Expleo -,"Maadi, Cairo, Egypt",Full Time,Full TimeExperienced · 2+ Yrs of Exp · Administration · Human Resources · Medical/Healthcare · Communication skills · Computer Science · Development · HR · Human Resources (HR) · English · Management
Security Engineer,Link Datacenter -,"Giza, Egypt",Full Time,Full TimeExperienced · 2+ Yrs of Exp · Administration · Human Resources · Medical/Healthcare · Communication skills · Computer Science · Development · HR · Human Resources (HR) · English · Management
"Full Stack Developer (.NET core , Angular 8+)",Smart IT -,"Nasr City, Cairo, Egypt",Full Time,Full TimeExperienced · 2+ Yrs of Exp · Administration · Human Resources · Medical/Healthcare · Communication skills · Computer Science · Development · HR · Human Resources (HR) · English · Management
Senior Java Software Developer,FlairsTech -,"Maadi, Cairo, Egypt",Full Time,Full TimeExperienced · 2+ Yrs of Exp · Administration · Human Resources · Medical/Healthcare · Communication skills · Computer Science · Development · HR · Human Resources (HR) · English · Management
Backend Developer -Alexandria,Caduceus Lane -,"Alexandria, Egypt",Full Time,Full TimeExperienced · 2+ Yrs of Exp · Administration · Human Resources · Medical/Healthcare · Communication skills · Computer Science · Development · HR · Human Resources (HR) · English · Management
Systems Business Consultant-Primavera Unifier,Confidential -,"New Cairo, Cairo, Egypt",Full Time,Full TimeExperienced · 2+ Yrs of Exp · Administration · Human Resources · Medical/Healthcare · Communication skills · Computer Science · Development · HR · Human Resources (HR) · English · Management
Operations Manager ( Multinational logistics company ),Pillars -,"Cairo, Egypt",Full Time,Full TimeExperienced · 6 - 8 Yrs of Exp · Administration · Operations/Management · Analyst/Research · Manager · Management · Operations · ITIL · MCSE · Microsoft Office · Project Management
Financial Planning And Analysis,Confidential -,"Nasr City, Cairo, Egypt",Full Time,Full TimeExperienced · 6 - 8 Yrs of Exp · Administration · Operations/Management · Analyst/Research · Manager · Management · Operations · ITIL · MCSE · Microsoft Office · Project Management
Market Research Specialist,Elmarakby Steel -,"Giza, Egypt",Full Time,Full TimeExperienced · 6 - 8 Yrs of Exp · Administration · Operations/Management · Analyst/Research · Manager · Management · Operations · ITIL · MCSE · Microsoft Office · Project Management
Research Operations Manager,Infotech -,"Nasr City, Cairo, Egypt",Full Time,Full TimeExperienced · 6 - 8 Yrs of Exp · Administration · Operations/Management · Analyst/Research · Manager · Management · Operations · ITIL · MCSE · Microsoft Office · Project Management
Internal Auditor,Confidential -,"Heliopolis, Cairo, Egypt",Full Time,Full TimeExperienced · 6 - 8 Yrs of Exp · Administration · Operations/Management · Analyst/Research · Manager · Management · Operations · ITIL · MCSE · Microsoft Office · Project Management
Senior Full Stack Developer/Frontend,Confidential -,"Nasr City, Cairo, Egypt",Full TimeWork From Home,Full TimeExperienced · 6 - 8 Yrs of Exp · Administration · Operations/Management · Analyst/Research · Manager · Management · Operations · ITIL · MCSE · Microsoft Office · Project Management
Power BI Developer,Centro CDX -,"Maadi, Cairo, Egypt",Full Time,Full TimeExperienced · 6 - 8 Yrs of Exp · Administration · Operations/Management · Analyst/Research · Manager · Management · Operations · ITIL · MCSE · Microsoft Office · Project Management
Senior Financial Analysis Specialist,Jamjoom Pharma -,"Cairo, Egypt",Full Time,Full TimeExperienced · 6 - 8 Yrs of Exp · Administration · Operations/Management · Analyst/Research · Manager · Management · Operations · ITIL · MCSE · Microsoft Office · Project Management
SAP Consultant,MB for Engineering -,"Dokki, Giza, Egypt",Full Time,Full TimeExperienced · 6 - 8 Yrs of Exp · Administration · Operations/Management · Analyst/Research · Manager · Management · Operations · ITIL · MCSE · Microsoft Office · Project Management
Head of Marketing Department,TH F & B Investments -,"Heliopolis, Cairo, Egypt",Full Time,Full TimeExperienced · 6 - 8 Yrs of Exp · Administration · Operations/Management · Analyst/Research · Manager · Management · Operations · ITIL · MCSE · Microsoft Office · Project Management
Financial Auditor,Naguib Selim -,"Nasr City, Cairo, Egypt",Full Time,Full TimeExperienced · 6 - 8 Yrs of Exp · Administration · Operations/Management · Analyst/Research · Manager · Management · Operations · ITIL · MCSE · Microsoft Office · Project Management
Senior Java Backend Developer,FlairsTech -,"Maadi, Cairo, Egypt",Full Time,Full TimeExperienced · 6 - 8 Yrs of Exp · Administration · Operations/Management · Analyst/Research · Manager · Management · Operations · ITIL · MCSE · Microsoft Office · Project Management
Senior E Commerce Specialist,GT World OF Beauty -,"Sheraton, Cairo, Egypt",Full Time,Full TimeExperienced · 6 - 8 Yrs of Exp · Administration · Operations/Management · Analyst/Research · Manager · Management · Operations · ITIL · MCSE · Microsoft Office · Project Management
Social Media Specialist,Elattal Holding  -,"Heliopolis, Cairo, Egypt",Full Time,Full TimeExperienced · 6 - 8 Yrs of Exp · Administration · Operations/Management · Analyst/Research · Manager · Management · Operations · ITIL · MCSE · Microsoft Office · Project Management
Quality Control Engineer - Software Testing,Caelum Egypt -,"Dokki, Giza, Egypt",Full Time,Full TimeExperienced · 6 - 8 Yrs of Exp · Administration · Operations/Management · Analyst/Research · Manager · Management · Operations · ITIL · MCSE · Microsoft Office · Project Management
Business Support,Fawry Microfinance  -,"Maadi, Cairo, Egypt",Full Time,Full TimeEntry Level · 1 - 4 Yrs of Exp · Administration · Analyst/Research · Administration · Business Administration · business · Skills · Microfinance · Banking
Senior Full Stack Developer,3S Software -,"Nasr City, Cairo, Egypt",Full Time,Full TimeEntry Level · 1 - 4 Yrs of Exp · Administration · Analyst/Research · Administration · Business Administration · business · Skills · Microfinance · Banking
Full Stack Developer,3S Software -,"Nasr City, Cairo, Egypt",Full Time,Full TimeEntry Level · 1 - 4 Yrs of Exp · Administration · Analyst/Research · Administration · Business Administration · business · Skills · Microfinance · Banking
Full Stack Team Lead remotely for USA,Confidential -,"Nasr City, Cairo, Egypt",Full Time,Full TimeEntry Level · 1 - 4 Yrs of Exp · Administration · Analyst/Research · Administration · Business Administration · business · Skills · Microfinance · Banking
"Corporate finance, planning, & analysis manager",AlGammal Contracting -,"Katameya, Cairo, Egypt",Full Time,Full TimeEntry Level · 1 - 4 Yrs of Exp · Administration · Analyst/Research · Administration · Business Administration · business · Skills · Microfinance · Banking
Dot Net Developer,Outservingplus -,"Haram, Giza, Egypt",Full Time,Full TimeEntry Level · 1 - 4 Yrs of Exp · Administration · Analyst/Research · Administration · Business Administration · business · Skills · Microfinance · Banking
Industrial Cost Accountant,Vinchi Furniture -,"10th of Ramadan City, Cairo, Egypt",Full Time,Full TimeEntry Level · 1 - 4 Yrs of Exp · Administration · Analyst/Research · Administration · Business Administration · business · Skills · Microfinance · Banking
Investor Relations Manager,Dealtio -,"Nasr City, Cairo, Egypt",Freelance / Project,Full TimeEntry Level · 1 - 4 Yrs of Exp · Administration · Analyst/Research · Administration · Business Administration · business · Skills · Microfinance · Banking
Category pricing &Segmentation Manager,Sky Distribution -,"Sheikh Zayed, Giza, Egypt",Full Time,Full TimeEntry Level · 1 - 4 Yrs of Exp · Administration · Analyst/Research · Administration · Business Administration · business · Skills · Microfinance · Banking
Industrial cost accountant,KIG Konnice -,"10th of Ramadan City, Sharqia, Egypt",Full Time,Full TimeEntry Level · 1 - 4 Yrs of Exp · Administration · Analyst/Research · Administration · Business Administration · business · Skills · Microfinance · Banking
Senior React Native Developer,Our Education -,"Nasr City, Cairo, Egypt",Full Time,Full TimeEntry Level · 1 - 4 Yrs of Exp · Administration · Analyst/Research · Administration · Business Administration · business · Skills · Microfinance · Banking
Professional Executive Assistant,Confidential -,"6th of October, Giza, Egypt",Full Time,Full TimeEntry Level · 1 - 4 Yrs of Exp · Administration · Analyst/Research · Administration · Business Administration · business · Skills · Microfinance · Banking
Customer Relationship Support,IdealRatings -,"Heliopolis, Cairo, Egypt",Full Time,Full TimeEntry Level · 1 - 4 Yrs of Exp · Administration · Analyst/Research · Administration · Business Administration · business · Skills · Microfinance · Banking
Technical Advisor Engineer,Confidential -,"Maadi, Cairo, Egypt",Full Time,Full TimeEntry Level · 1 - 4 Yrs of Exp · Administration · Analyst/Research · Administration · Business Administration · business · Skills · Microfinance · Banking
Full Stack Team Lead,Edentech -,"Cairo, Egypt",Full Time,Full TimeEntry Level · 1 - 4 Yrs of Exp · Administration · Analyst/Research · Administration · Business Administration · business · Skills · Microfinance · Banking
Business Solutions Senior Specialist- ERP,Kandil Industries -,"10th of Ramadan City, Cairo, Egypt",Full Time,Full TimeExperienced · 4 - 8 Yrs of Exp · IT/Software Development · Analyst/Research · business · ERP · ERP Solutions · ERP System
Senior Software Tester,Confidential -,"Maadi, Cairo, Egypt",Full Time,Full TimeExperienced · 4 - 8 Yrs of Exp · IT/Software Development · Analyst/Research · business · ERP · ERP Solutions · ERP System
Sales Coordinator,Abudawood Group Egypt -,"Giza, Giza, Egypt",Full Time,Full TimeExperienced · 4 - 8 Yrs of Exp · IT/Software Development · Analyst/Research · business · ERP · ERP Solutions · ERP System
Workforce Specialist,Safa International Travel -,"Dokki, Giza, Egypt",Full Time,Full TimeExperienced · 4 - 8 Yrs of Exp · IT/Software Development · Analyst/Research · business · ERP · ERP Solutions · ERP System
Secretary,CELESTE -,"Nasr City, Cairo, Egypt",Full Time,Full TimeExperienced · 4 - 8 Yrs of Exp · IT/Software Development · Analyst/Research · business · ERP · ERP Solutions · ERP System
Product Manager,Helm Organization -,"Maadi, Cairo, Egypt",Full Time,Full TimeExperienced · 4 - 8 Yrs of Exp · IT/Software Development · Analyst/Research · business · ERP · ERP Solutions · ERP System
Senior Java Developer,FlairsTech -,"Maadi, Cairo, Egypt",Full Time,Full TimeExperienced · 4 - 8 Yrs of Exp · IT/Software Development · Analyst/Research · business · ERP · ERP Solutions · ERP System
Internal Auditor,Heggy Group -,"Heliopolis, Cairo, Egypt",Full Time,Full TimeExperienced · 4 - 8 Yrs of Exp · IT/Software Development · Analyst/Research · business · ERP · ERP Solutions · ERP System
Promotion Category Manager,Nahdet Misr Publishing Group -,"Giza, Egypt",Full Time,Full TimeExperienced · 4 - 8 Yrs of Exp · IT/Software Development · Analyst/Research · business · ERP · ERP Solutions · ERP System
Software Tester Quality Control,Elsaba AutoService -,"Cairo, Egypt",Full Time,Full TimeExperienced · 4 - 8 Yrs of Exp · IT/Software Development · Analyst/Research · business · ERP · ERP Solutions · ERP System
Senior JAVA Backend Developer,Confidential -,"Maadi, Cairo, Egypt",Full Time,Full TimeExperienced · 4 - 8 Yrs of Exp · IT/Software Development · Analyst/Research · business · ERP · ERP Solutions · ERP System
Pricing Specialist,Riadco 2000 -,"Obour City, Cairo, Egypt",Full Time,Full TimeExperienced · 4 - 8 Yrs of Exp · IT/Software Development · Analyst/Research · business · ERP · ERP Solutions · ERP System
Software Developer (.Net),BI-Technologies -,"New Cairo, Cairo, Egypt",Full Time,Full TimeExperienced · 4 - 8 Yrs of Exp · IT/Software Development · Analyst/Research · business · ERP · ERP Solutions · ERP System
Senior Back-End Software Developer (.Net Core),BI-Technologies -,"New Cairo, Cairo, Egypt",Full Time,Full TimeExperienced · 4 - 8 Yrs of Exp · IT/Software Development · Analyst/Research · business · ERP · ERP Solutions · ERP System
Real Time Management Specialist,Centro CDX -,"Maadi, Cairo, Egypt",Full Time,Full TimeExperienced · 4 - 8 Yrs of Exp · IT/Software Development · Analyst/Research · business · ERP · ERP Solutions · ERP System
Senior Software Tester,Bee Smart Payment Solutions -,"Maadi, Cairo, Egypt",Full Time,Full TimeExperienced · 5 - 8 Yrs of Exp · IT/Software Development · Engineering - Telecom/Technology · Computer Science · Automation · Agile · Quality Assurance · Software · Testing · SQL · Software Development
Feasibility Study Consultant,Dimensions  -,"Cairo, Egypt",Part TimeFreelance / ProjectWork From Home,Full TimeExperienced · 5 - 8 Yrs of Exp · IT/Software Development · Engineering - Telecom/Technology · Computer Science · Automation · Agile · Quality Assurance · Software · Testing · SQL · Software Development
Retail Manager,Egypt Gold  -,"Cairo, Egypt",Full Time,Full TimeExperienced · 5 - 8 Yrs of Exp · IT/Software Development · Engineering - Telecom/Technology · Computer Science · Automation · Agile · Quality Assurance · Software · Testing · SQL · Software Development
